{
  "Get Post By a ID" : {
    "transaction" : "Get Post By a ID",
    "sampleCount" : 3500,
    "errorCount" : 0,
    "errorPct" : 0.0,
    "meanResTime" : 120.6974285714292,
    "medianResTime" : 59.0,
    "minResTime" : 30.0,
    "maxResTime" : 3351.0,
    "pct1ResTime" : 193.9000000000001,
    "pct2ResTime" : 391.84999999999945,
    "pct3ResTime" : 1404.8899999999976,
    "throughput" : 5.00903773522799,
    "receivedKBytesPerSec" : 7.9725124805542,
    "sentKBytesPerSec" : 0.8266868918491507
  },
  "Create Post" : {
    "transaction" : "Create Post",
    "sampleCount" : 3500,
    "errorCount" : 0,
    "errorPct" : 0.0,
    "meanResTime" : 687.2522857142832,
    "medianResTime" : 489.0,
    "minResTime" : 339.0,
    "maxResTime" : 6087.0,
    "pct1ResTime" : 1120.7000000000003,
    "pct2ResTime" : 1641.5499999999984,
    "pct3ResTime" : 3682.54999999999,
    "throughput" : 4.994085575796664,
    "receivedKBytesPerSec" : 7.032943307140544,
    "sentKBytesPerSec" : 1.3509391645465585
  },
  "Get comments" : {
    "transaction" : "Get comments",
    "sampleCount" : 3500,
    "errorCount" : 0,
    "errorPct" : 0.0,
    "meanResTime" : 116.90371428571423,
    "medianResTime" : 63.0,
    "minResTime" : 32.0,
    "maxResTime" : 3487.0,
    "pct1ResTime" : 196.0,
    "pct2ResTime" : 362.9499999999998,
    "pct3ResTime" : 1074.9199999999983,
    "throughput" : 5.013637092892668,
    "receivedKBytesPerSec" : 13.94887844938232,
    "sentKBytesPerSec" : 0.7148349761350874
  },
  "Get Posts" : {
    "transaction" : "Get Posts",
    "sampleCount" : 3500,
    "errorCount" : 0,
    "errorPct" : 0.0,
    "meanResTime" : 164.59828571428537,
    "medianResTime" : 81.0,
    "minResTime" : 42.0,
    "maxResTime" : 3903.0,
    "pct1ResTime" : 298.0,
    "pct2ResTime" : 555.8499999999995,
    "pct3ResTime" : 1582.7999999999956,
    "throughput" : 5.007095770005494,
    "receivedKBytesPerSec" : 141.09461221518566,
    "sentKBytesPerSec" : 0.6601151649909586
  },
  "Update Posts with PUT" : {
    "transaction" : "Update Posts with PUT",
    "sampleCount" : 3500,
    "errorCount" : 0,
    "errorPct" : 0.0,
    "meanResTime" : 405.2485714285715,
    "medianResTime" : 302.0,
    "minResTime" : 261.0,
    "maxResTime" : 3369.0,
    "pct1ResTime" : 634.9000000000001,
    "pct2ResTime" : 864.9499999999998,
    "pct3ResTime" : 1680.9699999999993,
    "throughput" : 5.008328134211746,
    "receivedKBytesPerSec" : 6.434019167229507,
    "sentKBytesPerSec" : 1.2912095971014659
  },
  "Delete Posts" : {
    "transaction" : "Delete Posts",
    "sampleCount" : 3500,
    "errorCount" : 0,
    "errorPct" : 0.0,
    "meanResTime" : 387.11542857142877,
    "medianResTime" : 300.0,
    "minResTime" : 265.0,
    "maxResTime" : 3395.0,
    "pct1ResTime" : 577.8000000000002,
    "pct2ResTime" : 804.9499999999998,
    "pct3ResTime" : 1406.8499999999967,
    "throughput" : 5.01109599828191,
    "receivedKBytesPerSec" : 6.382398357523802,
    "sentKBytesPerSec" : 1.0912836011883456
  },
  "Total" : {
    "transaction" : "Total",
    "sampleCount" : 28000,
    "errorCount" : 0,
    "errorPct" : 0.0,
    "meanResTime" : 304.78850000000114,
    "medianResTime" : 200.0,
    "minResTime" : 30.0,
    "maxResTime" : 6087.0,
    "pct1ResTime" : 548.0,
    "pct2ResTime" : 742.0,
    "pct3ResTime" : 1262.9900000000016,
    "throughput" : 39.8792797232378,
    "receivedKBytesPerSec" : 200.36104684756074,
    "sentKBytesPerSec" : 7.730504907287796
  },
  "Get Comment by ID" : {
    "transaction" : "Get Comment by ID",
    "sampleCount" : 3500,
    "errorCount" : 0,
    "errorPct" : 0.0,
    "meanResTime" : 103.68999999999997,
    "medianResTime" : 60.0,
    "minResTime" : 31.0,
    "maxResTime" : 3173.0,
    "pct1ResTime" : 164.0,
    "pct2ResTime" : 300.9499999999998,
    "pct3ResTime" : 884.8799999999974,
    "throughput" : 5.013902836293207,
    "receivedKBytesPerSec" : 13.909093878973698,
    "sentKBytesPerSec" : 0.7197692548194351
  },
  "Update Posts with PATCH" : {
    "transaction" : "Update Posts with PATCH",
    "sampleCount" : 3500,
    "errorCount" : 0,
    "errorPct" : 0.0,
    "meanResTime" : 452.8022857142859,
    "medianResTime" : 354.0,
    "minResTime" : 112.0,
    "maxResTime" : 5903.0,
    "pct1ResTime" : 738.0,
    "pct2ResTime" : 1121.749999999999,
    "pct3ResTime" : 2992.0,
    "throughput" : 5.009955497281025,
    "receivedKBytesPerSec" : 4.509418447944415,
    "sentKBytesPerSec" : 1.1106053690261648
  }
}